RYCX00001,116i
RYCX00002,118i
RYCX00003,120i
RYCX00004,120i Ó²¶¥½Î³µ
RYCX00005,120i ³¨Åñ½Î³µ
RYCX00006,125i
RYCX00007,528i
RYCX00008,130i
RYCX00009,140 Gallardo coupe
RYCX00010,Gallardo Lp 560 - 4 coupe
RYCX00011,Gallardo Lp 550 - 2 coupe
RYCX00012,140 Gallardo Coupe 2WD
RYCX00013,140 Gallardo Coupe 2WD-D
RYCX00014,Gallardo Coupe 50 A
RYCX00015,Gallardo  Lp 560 - 4 Spyder
RYCX00016,140 Gallardo Spyder
RYCX00017,140 Gallardo Spyder 2WD
RYCX00018,140 Gallardo Spyder Performante
RYCX00019,140 Gallardo STS
RYCX00020,Gallardo LP560-4 SL
RYCX00021,140 Gallardo Superleggera
RYCX00022,Gallardo LP560-2 SL
RYCX00023,Murcielago Coupe Lp 640
RYCX00024,Murcielago Roadster Lp 640
RYCX00025,Murcielago Lp 640 ROADSTER
RYCX00026,Murci¨¦lago LP 670-4 SuperVeloce
RYCX00027,²©ÔÃ£¨BRAVO£©
RYCX00028,Åó¶à£¨PUNTO£©
RYCX00029,218i
RYCX00030,220i
RYCX00031,225i
RYCX00032,INFINITI  G37 Convertible
RYCX00033,Ó¢·ÆÄáµÏ G37
RYCX00034,Ó¢·ÆÄáµÏ Q60
RYCX00035,RENAULT CAPTUR
RYCX00036,CAPTUR
RYCX00037,300C
RYCX00038,300S
RYCX00039,318i
RYCX00040,320i
RYCX00041,320i  ³¨Åñ
RYCX00042,320i  Ó²¶¥
RYCX00043,ÁìÑÅ£¨LINEA£©
RYCX00044,325i  ³¨Åñ
RYCX00045,325i
RYCX00046,325i  Ó²¶¥
RYCX00047,328i
RYCX00048,328i xDrive
RYCX00049,330i
RYCX00050,330i  ³¨Åñ
RYCX00051,330i  Ó²¶¥
RYCX00052,330i xDrive
RYCX00053,335i
RYCX00054,335i  ³¨Åñ
RYCX00055,335i  Ó²¶¥
RYCX00056,335i xDrive
RYCX00057,340i
RYCX00058,340i xDrive
RYCX00059,C4 PICASSO
RYCX00060,420i
RYCX00061,420i Gran Coupe
RYCX00062,425i
RYCX00063,425i Gran Coupe
RYCX00064,428i
RYCX00065,428i Gran Coupe
RYCX00066,428i xDrive
RYCX00067,428i xDrive Gran Coupe
RYCX00068,430i
RYCX00069,430i Gran Coupe
RYCX00070,430i xDrive
RYCX00071,430i xDrive Gran Coupe
RYCX00072,435i
RYCX00073,435i xDrive
RYCX00074,435i xDrive Gran Coupe
RYCX00075,440i
RYCX00076,440i Gran Coupe
RYCX00077,440i xDrive
RYCX00078,440i xDrive Gran Coupe
RYCX00079,458Òâ´óÀû
RYCX00080,458³¨Åñ°æ
RYCX00081,±êÖÂ 308 CC
RYCX00082,±êÖÂ 308SW£¨7×ù£©
RYCX00083,±êÖÂ 308SW£¨5×ù£©
RYCX00084,·ÆÑÇÌØ500
RYCX00085,·ÆÑÇÌØ500 CABRIO
RYCX00086,520i
RYCX00087,523i
RYCX00088,525i
RYCX00089,528i xDrive
RYCX00090,530i
RYCX00091,535i  xDrive
RYCX00092,535i
RYCX00093,535i  GT
RYCX00094,535i GT
RYCX00095,535i xDrive
RYCX00096,535i xDrive GT
RYCX00097,540i
RYCX00098,550i
RYCX00099,550i  GT
RYCX00100,550i xDrive
RYCX00101,550i  xDrive GT
RYCX00102,599GTB ·Ñ°ÂÀ­Åµ
RYCX00103,599GTO
RYCX00104,612 Ë¹¿¨ÁÐµÛ
RYCX00105,630i Ó²¶¥
RYCX00106,630i ³¨Åñ
RYCX00107,630i
RYCX00108,640i
RYCX00109,640i Gran Coupe
RYCX00110,640i xDrive
RYCX00111,640i xDrive Gran Coupe
RYCX00112,650i Ó²¶¥
RYCX00113,650i ³¨Åñ
RYCX00114,650i
RYCX00115,650i xDrive
RYCX00116,650i xDrive Gran Coupe
RYCX00117,730Li
RYCX00118,740Le
RYCX00119,740Le xDrive
RYCX00120,740Li
RYCX00121,740Li xDrive
RYCX00122,740Li xDriv
RYCX00123,750Li
RYCX00124,750Li xDrive
RYCX00125,760Li
RYCX00126,9-3 Aero
RYCX00127,9-3 Linear
RYCX00128,9-3 SPORTHATCH
RYCX00129,9-3 Vector
RYCX00130,9-3 VECTOR Convertible
RYCX00131,9-5 Aero
RYCX00132,±¼³Û A 180
RYCX00133,±¼³ÛA 180
RYCX00134,±¼³Û A 200
RYCX00135,±¼³ÛA 200
RYCX00136,±¼³Û A 260
RYCX00137,±¼³ÛA 260
RYCX00138,±¼³ÛA 45 AMG 4MATIC
RYCX00139,°ÂµÏA1 1.4 TFSI
RYCX00140,°ÂµÏ A1 1.4 TFSI plus
RYCX00141,°ÂµÏA1 1.4 TFSI plus
RYCX00142,°ÂµÏ A1 SB 1.4 TFSI
RYCX00143,°ÂµÏA1 SB 1.4 TFSI
RYCX00144,°ÂµÏA1 SB 1.4 TFSI plus
RYCX00145,°ÂµÏ A1 SB 1.4 TFSI plus
RYCX00146,±¼³ÛA180
RYCX00147,±¼³ÛA200
RYCX00148,°ÂµÏA3 1.8T
RYCX00149,°ÂµÏA3 Sportback 1.4T
RYCX00150,°ÂµÏA3 Sportback 1.8T
RYCX00151,A4 2.0T
RYCX00152,°ÂµÏ A4 2.0T allroad
RYCX00153,°ÂµÏA5 2.0T
RYCX00154,°ÂµÏA5 2.0T qu.
RYCX00155,°ÂµÏA5  3.0T
RYCX00156,°ÂµÏA5 3.0T
RYCX00157,°ÂµÏA5 3.2
RYCX00158,°ÂµÏA5 3.2 quattro
RYCX00159,°ÂµÏA5 Cabrio 2.0T qu
RYCX00160,°ÂµÏA5 Cabriolet 2.0T
RYCX00161,°ÂµÏA5 Cabriolet 2.0T qu.
RYCX00162,°ÂµÏA5 Coupe 2.0T
RYCX00163,°ÂµÏA5 SB 3.0T
RYCX00164,°ÂµÏA5 Sportback 2.0T
RYCX00165,°ÂµÏA5 Sportback 2.0T qu
RYCX00166,°ÂµÏA5 Sportback 2.0T qu.
RYCX00167,°ÂµÏA6 2.0T hybrid
RYCX00168,°ÂµÏA7 2.5 FSI
RYCX00169,°ÂµÏA7 2.8 FSI
RYCX00170,°ÂµÏA7 3.0 TFSI
RYCX00171,°ÂµÏA8L 2.0T hybrid
RYCX00172,A8L 2.0Th
RYCX00173,A8L 2.5
RYCX00174,°ÂµÏA8L 2.5 FSI
RYCX00175,°ÂµÏA8L 2.8
RYCX00176,°ÂµÏA8L 3.0
RYCX00177,°ÂµÏA8L 3.0 TFSI quattro
RYCX00178,A8L 3.0T
RYCX00179,°ÂµÏA8L 3.0TFSI quattro
RYCX00180,A8L 4.0T
RYCX00181,°ÂµÏA8L 4.0T TFSI quattro
RYCX00182,°ÂµÏA8L 4.2 quattro
RYCX00183,°ÂµÏA8L 6.0 quattro
RYCX00184,A8L 6.3
RYCX00185,°ÂµÏA8L W12 quattro
RYCX00186,TALISMAN
RYCX00187,LATITUDE
RYCX00188,TOYOTA PREVIA
RYCX00189,ActiveHybrid 3
RYCX00190,Active
RYCX00191,ActiveHybrid 5
RYCX00192,ActiveHybrid 7 L
RYCX00193,ActiveHybrid X6
RYCX00194,LEXUS  ES240
RYCX00195,LEXUS RX270
RYCX00196,LEXUS RX200t
RYCX00197,LEXUS RX300
RYCX00198,TOYOTA ZELAS
RYCX00199,TOYOTA VENZA
RYCX00200,LEXUS NX300
RYCX00201,LEXUS NX200t
RYCX00202,°¢¶ûºº²¼À­
RYCX00203,±¼³Û AMG A 45 4MATIC
RYCX00204,±¼³ÛAMG A 45 4MATIC
RYCX00205,±¼³Û AMG C 43 4MATIC
RYCX00206,±¼³ÛAMG C 63
RYCX00207,±¼³Û AMG C 63
RYCX00208,±¼³ÛAMG C 63 S
RYCX00209,±¼³Û AMG C 63 S
RYCX00210,±¼³Û AMG CLA 45 4MATIC
RYCX00211,±¼³ÛAMG CLA 45 4MATIC
RYCX00212,±¼³Û AMG CLS 63 4MATIC
RYCX00213,±¼³ÛAMG CLS 63 4MATIC
RYCX00214,±¼³Û AMG CLS 63 S 4MATIC
RYCX00215,±¼³ÛAMG CLS 63 S 4MATIC
RYCX00216,±¼³Û AMG E 43 4MATIC
RYCX00217,±¼³Û AMG E 63 S 4MATIC+
RYCX00218,±¼³Û AMG G 63
RYCX00219,±¼³ÛAMG G 63
RYCX00220,±¼³ÛAMG G 65
RYCX00221,±¼³Û AMG G 65
RYCX00222,±¼³Û AMG GLA 45 4MATIC
RYCX00223,±¼³Û AMG GLC 43 4MATIC
RYCX00224,±¼³Û AMG GLE 43 4MATIC
RYCX00225,±¼³ÛAMG GLE 63 4MATIC
RYCX00226,±¼³Û AMG GLE 63 4MATIC
RYCX00227,±¼³ÛAMG GLE 63 S 4MATIC
RYCX00228,±¼³Û AMG GLE 63 S 4MATIC
RYCX00229,±¼³Û AMG GLS 63 4MATIC
RYCX00230,±¼³Û AMG GT R
RYCX00231,±¼³Û AMG S 63 4MATIC
RYCX00232,±¼³Û AMG S 63 L 4MATIC
RYCX00233,±¼³Û AMG S 63 L 4MATIC+
RYCX00234,±¼³Û AMG S 65 L
RYCX00235,TOYOTA ALPHARD
RYCX00236,°²µÂÀ­
RYCX00237,°²µÂÀ­ËÄÇýÊæÊÊ
RYCX00238,°²µÂÀ­ËÄÇýºÀ»ª
RYCX00239,°²µÂÀ­Ç°ÇýÊæÊÊ
RYCX00240,°²µÂÀ­Ç°ÇýºÀ»ª
RYCX00241,LEXUS GS300
RYCX00242,LEXUS GS200t
RYCX00243,LEXUS RC300
RYCX00244,LEXUS RC200t
RYCX00245,LEXUS IS200t
RYCX00246,LEXUS IS300
RYCX00247,ÑÅÌØÁ½Ïá
RYCX00248,ÑÅÌØ GTC
RYCX00249,ÑÅÌØÈýÏá
RYCX00250,ÑÅÌØ³¨Åî
RYCX00251,LEXUS ES250
RYCX00252,LEXUS ES200
RYCX00253,ATS
RYCX00254,Aventador  SV
RYCX00255,Aventador Coupe
RYCX00256,Aventador Coupe 50 A
RYCX00257,Aventador Coupe C5
RYCX00258,Aventador Roadster
RYCX00259,Aventador Roadster 50 A
RYCX00260,Aventador SV
RYCX00261,Aventador SV Roadster
RYCX00262,LEXUS ES300h
RYCX00263,LEXUS GS300h
RYCX00264,LEXUS NX300h
RYCX00265,ÑÅ×ð
RYCX00266,±¼³Û B 180
RYCX00267,±¼³ÛB 180
RYCX00268,±¼³Û B 200
RYCX00269,±¼³ÛB 200
RYCX00270,±¼³Û B 260
RYCX00271,±¼³ÛB 260
RYCX00272,±¼³ÛB180
RYCX00273,B200
RYCX00274,±¼³ÛB200
RYCX00275,·ç¾°
RYCX00276,Ó¢·ÆÄáµÏQ50
RYCX00277,¼×¿Ç³æ
RYCX00278,¼×¿Ç³æ³¨Åñ°æ
RYCX00279,³ËÓÃ³µ (BENTLEY BENTAYGA)
RYCX00280,Ê¤´ï
RYCX00281,ÀÍ¶÷Ë¹
RYCX00282,ÀÍ¶÷Ë¹¿áÅÉ
RYCX00283,INFINITI  G35
RYCX00284,INFINITI  M35
RYCX00285,INFINITI  G37
RYCX00286,Ó¢·ÆÄáµÏQ50S
RYCX00287,INFINITI  G25
RYCX00288,Ó¢·ÆÄáµÏ G25
RYCX00289,Á¦Ê¨
RYCX00290,ÑÅ±öÄÉ
RYCX00291,528Li
RYCX00292,°ÔÈñ
RYCX00293,°ÔÈñ/BORREGO
RYCX00294,²©Ë¹ÌØ
RYCX00295,²©Ë¹ÌØS
RYCX00296,ÖÐÐË¡¤Íþ»¢
RYCX00297,ÖÐÐË¡¡Æì½¢¶à¹¦ÄÜÏáÊ½³µ
RYCX00298,°Á»¢
RYCX00299,LAGUNA
RYCX00300,±¼³ÛC 180
RYCX00301,±¼³Û C 180
RYCX00302,±¼³ÛC 200
RYCX00303,±¼³Û C 200
RYCX00304,±¼³Û C 200 4MATIC
RYCX00305,±¼³Û C 300
RYCX00306,±¼³Û 205248/C 300
RYCX00307,±¼³Û C 63 AMG
RYCX00308,±¼³ÛC 63 AMG
RYCX00309,±¼³ÛC180
RYCX00310,±¼³ÛC200
RYCX00311,C230
RYCX00312,C280
RYCX00313,C30 2.0
RYCX00314,C30 2.4i
RYCX00315,C63 AMG
RYCX00316,±¼³ÛC63 AMG
RYCX00317,±¼³Û C63 AMG
RYCX00318,C70 2.4i
RYCX00319,C70 T5
RYCX00320,ÔØ»õÆû³µ
RYCX00321,²ÖÕ¤Ê½ÔËÊä³µ
RYCX00322,ÅîÊ½ÔËÊä³µ
RYCX00323,ÏáÊ½ÔËÊä³µ
RYCX00324,¼Ñ±¦V52
RYCX00325,É­ÑÅM80
RYCX00326,Caliber
RYCX00327,µÀÆæ2.0L
RYCX00328,¼ÓÀû¸£ÄáÑÇ
RYCX00329,¿ÆÂõÂÞ
RYCX00330,¿ÆÅÁÆæ 3.2 L A T
RYCX00331,¿ÆÅÁÆæ 2.4L MT
RYCX00332,¿ÆÅÁÆæ 2.4L AT
RYCX00333,¿ÆÅÁÆæ
RYCX00334,¿­Â·Íþ
RYCX00335,´óÖÚ¿­Â·Íþ2.0
RYCX00336,¼ÑÀÖ
RYCX00337,¿¨À×À­
RYCX00338,¿¨À×À­4
RYCX00339,¿¨À×À­4S
RYCX00340,¿¨À×À­S
RYCX00341,¿­Ñç
RYCX00342,¿­ÑçGTS
RYCX00343,¿­ÑçS
RYCX00344,¿­Ñçturbo
RYCX00345,¿­Ñçturbo S
RYCX00346,¿­ÃÅ
RYCX00347,¿­ÃÅS
RYCX00348,Éñ·ç¡¢ÉñÅ£
RYCX00349,ÀûÑÇÄÉ
RYCX00350,×ÔÓÉ¹â
RYCX00351,ÇáÔ½
RYCX00352,Ë¹Í¡¸ñ/stinger
RYCX00353,CL600
RYCX00354,±¼³Û CLA 180
RYCX00355,±¼³Û CLA 200
RYCX00356,±¼³ÛCLA 200
RYCX00357,±¼³Û CLA 220 4MATIC
RYCX00358,±¼³ÛCLA 220 4MATIC
RYCX00359,±¼³Û CLA 260 4MATIC
RYCX00360,±¼³ÛCLA 260 4MATIC
RYCX00361,±¼³ÛCLA 45 AMG 4MATIC
RYCX00362,CLK200 Kompressor
RYCX00363,CLK280
RYCX00364,CLK350
RYCX00365,CLS 260
RYCX00366,±¼³ÛCLS 260
RYCX00367,±¼³Û CLS 300
RYCX00368,±¼³ÛCLS 320
RYCX00369,±¼³Û CLS 320
RYCX00370,±¼³Û CLS 350
RYCX00371,CLS 400 4MATIC
RYCX00372,±¼³ÛCLS 400 4MATIC
RYCX00373,±¼³Û CLS 63 AMG
RYCX00374,±¼³ÛCLS 63 AMG 4MATIC
RYCX00375,±¼³ÛCLS 63 AMG S 4MATIC
RYCX00376,±¼³Û CLS300
RYCX00377,CLS300
RYCX00378,±¼³Û CLS350
RYCX00379,CLS350
RYCX00380,CLS500
RYCX00381,CLS63 AMG
RYCX00382,Ó¢·ÆÄáµÏ M35hL
RYCX00383,Ó¢·ÆÄáµÏ Q70L
RYCX00384,Ó¢·ÆÄáµÏQ70L
RYCX00385,Ó¢·ÆÄáµÏ M25L
RYCX00386,¾ºËÙ(RCR)
RYCX00387,CMAX
RYCX00388,¾ºÔÃ
RYCX00389,Compass
RYCX00390,Ö¸ÄÏÕß2.4L
RYCX00391,Ö¸ÄÏÕß2.0L
RYCX00392,Ö¸ÄÏÕß
RYCX00393,ÁÖ¿Ï´óÂ½
RYCX00394,Å·Â½·É³Û£¨5-×ù£©
RYCX00395,Å·Â½·É³Û£¨4-×ù£©
RYCX00396,Å·Â½·É³Û£¨4×ù£©
RYCX00397,Å·Â½·É³Û SPEED(¼«ËÙ°æ)
RYCX00398,Å·Â½·É³ÛSPEED(¼«ËÙ°æ)
RYCX00399,Å·Â½·É³ÛSPEED£¨¼«ËÙ°æ£©£©
RYCX00400,Å·Â½·É³Û SPEED(4-×ù¼«ËÙ°æ£©
RYCX00401,Å·Â½·É³Û SPEED(5-×ù¼«ËÙ°æ£©
RYCX00402,Å·Â½·É³Û W12C5
RYCX00403,Å·Â½GT
RYCX00404,³ËÓÃ³µ (BENTLEY CONTINENTAL)
RYCX00405,Å·Â½GT ³¨Åñ°æ
RYCX00406,Å·Â½GT SPEED£¨¼«ËÙ°æ£©
RYCX00407,Å·Â½GT ¼«ËÙ³¨Åñ°æ W12C5
RYCX00408,Å·Â½GT ¼«ËÙ°æ W12C5
RYCX00409,Å·Â½GT V8
RYCX00410,Å·Â½GT V8 S ³¨Åñ°æ
RYCX00411,Å·Â½GT V8C5
RYCX00412,Å·Â½GT W12C5
RYCX00413,Å·Â½ GT W12C5
RYCX00414,Å·Â½GTC
RYCX00415,Å·Â½GTC SPEED(¼«ËÙ°æ£©
RYCX00416,Å·Â½GTCSPEED£¨¼«ËÙ°æ£©
RYCX00417,Å·Â½GTC V8
RYCX00418,Å·Â½GTC V8C5
RYCX00419,Å·Â½GTC W12C5
RYCX00420,Å·Â½³¬¼¶ÅÜ³µ
RYCX00421,Å·Â½³¬¼¶ÅÜ³µ³¨Åñ°æ
RYCX00422,Å·Â½³¬¼¶ÅÜ³µ³¨Åñ°æ³µ°æ
RYCX00423,¿ç½ç¸ß¶û·ò
RYCX00424,¿ç½ç¸ß¶û·ò1.4
RYCX00425,Ô¾×å
RYCX00426,CTS (3.0L LF1·¢¶¯»ú)
RYCX00427,CTS (3.0L)
RYCX00428,CTS (3.6L LLT·¢¶¯»ú)
RYCX00429,CTS (2.8L LP1·¢¶¯»ú)
RYCX00430,CTS
RYCX00431,CTS-Coupe
RYCX00432,CTS-V
RYCX00433,CTS-V Coupe
RYCX00434,Å·À¶µÂEX
RYCX00435,À¶ÉªEX
RYCX00436,À¶ÉªÒíºÀÂ½Éñ
RYCX00437,Dawn
RYCX00438,DB11
RYCX00439,DB11 V8
RYCX00440,DB9
RYCX00441,DBS
RYCX00442,Ú©¸è  ILX
RYCX00443,ACURA  ILX
RYCX00444,Ó¢·ÆÄáµÏQ30S
RYCX00445,Ó¢·ÆÄáµÏQX30
RYCX00446,½Ý¶÷Ë¹/GENESIS
RYCX00447,Ë¼Íþ£¨CR-V£©
RYCX00448,Ë¼Íþ£¨CR-V)
RYCX00449,Ë¼Íþ(CR-V)
RYCX00450,·¢ÏÖ
RYCX00451,·¢ÏÖ 3
RYCX00452,·¢ÏÖ3²ñÓÍ
RYCX00453,·¢ÏÖ 4
RYCX00454,·¢ÏÖ4
RYCX00455,·¢ÏÖ4²ñÓÍ
RYCX00456,·¢ÏÖÉñÐÐ
RYCX00457,ÒÁ¿ÂÀöË¹
RYCX00458,Ê¤´ï/SANTA FE
RYCX00459,À¶Éª
RYCX00460,LAGUNA COUPE
RYCX00461,MEGANE R.S.
RYCX00462,±¼³Û E 200
RYCX00463,±¼³ÛE 200
RYCX00464,±¼³Û E 200 4MATIC
RYCX00465,±¼³Û E 260
RYCX00466,±¼³ÛE 260
RYCX00467,±¼³Û E 300
RYCX00468,±¼³Û E 320
RYCX00469,±¼³ÛE 320
RYCX00470,±¼³ÛE 350
RYCX00471,±¼³Û E 400
RYCX00472,±¼³ÛE 400
RYCX00473,±¼³ÛE200
RYCX00474,E200 CGI
RYCX00475,±¼³ÛE260
RYCX00476,E260 CGI
RYCX00477,E300
RYCX00478,±¼³ÛE350
RYCX00479,E350
RYCX00480,Èñ½ç
RYCX00481,Enclave AWD
RYCX00482,°º¿ÆÀ× CXL
RYCX00483,Enclave CXL
RYCX00484,Enclave FWD
RYCX00485,ÞÈÅ¸
RYCX00486,ÞÈÅ¸ 2.0
RYCX00487,´óÖÚÞÈÅ¸2.0
RYCX00488,ÞÈÅ· 2.0
RYCX00489,¶«·çÐ¡¿µV01L
RYCX00490,¶«·çÐ¡¿µC35
RYCX00491,¶«·çÐ¡¿µV05
RYCX00492,¶«·çÐ¡¿µV27L
RYCX00493,ÑÅ¿ÆÊË
RYCX00494,¿­À×µÂ
RYCX00495,Escalade ESV
RYCX00496,¿­À×µÂ Hybrid
RYCX00497,°¬ÎäÀ­400×Ô¶¯µµ
RYCX00498,Ì½ÏÕÕß
RYCX00499,MEGANE COUPE-CABRIOLET
RYCX00500,½Ý±ªF-PACE
RYCX00501,½Ý±ªF-TYPE
RYCX00502,½Ý±ª F-TYPE
RYCX00503,F12
RYCX00504,CIVIC HYBRID
RYCX00505,Ó¢×Ë
RYCX00506,ìª¿­
RYCX00507,FF
RYCX00508,Ó¢¸ñÄáË¹
RYCX00509,¼ÎÄê»ªST
RYCX00510,·É³Û V8C5
RYCX00511,³ËÓÃ³µ (BENTLEY)
RYCX00512,·É³Û W12C5
RYCX00513,·É³Û
RYCX00514,¸£¿ËË¹ RS
RYCX00515,¸£¿ËË¹ST
RYCX00516,Focus ST
RYCX00517,±¼³Û forfour 52kW
RYCX00518,±¼³Û forfour 66kW
RYCX00519,±¼³Û forfour BRABUS
RYCX00520,fortwo 52kw
RYCX00521,Smart
RYCX00522,±¼³Û fortwo cabrio 52kW
RYCX00523,±¼³Û fortwo cabrio 66kW
RYCX00524,±¼³Û fortwo cabrio BRABUS
RYCX00525,±¼³Ûfortwo coupe 52kW
RYCX00526,±¼³Û fortwo coupe 52kW
RYCX00527,±¼³Ûfortwo coupe 66kW
RYCX00528,±¼³Û fortwo coupe 66kW
RYCX00529,±¼³Û fortwo coupe BRABUS
RYCX00530,ÉñÐÐÕß2
RYCX00531,ÉñÐÐÕß2 TD4
RYCX00532,ÉñÐÐÕß2 TD4e
RYCX00533,·ÆÔ¾
RYCX00534,·ÉË¼
RYCX00535,·ÉË¼/VELOSTER
RYCX00536,±¦À´ 1.6L ÊÖ¶¯
RYCX00537,±¼³Û G 350 d
RYCX00538,±¼³ÛG 500
RYCX00539,±¼³Û G 500
RYCX00540,±¼³ÛG 63 AMG
RYCX00541,±¼³ÛG 65 AMG
RYCX00542,G500
RYCX00543,±¼³ÛG500
RYCX00544,G55AMG
RYCX00545,±¼³ÛG63 AMG
RYCX00546,±¼³ÛG65 AMG
RYCX00547,ASX¾¢ìÅ
RYCX00548,Òí±ª
RYCX00549,Ó¢·ÆÄáµÏQ60
RYCX00550,Ó¢·ÆÄáµÏQ60S
RYCX00551,Òí±ª  WRX
RYCX00552,Å·À¶µÂ
RYCX00553,TOYOTA  ALPHARD
RYCX00554,LEXUS RX350
RYCX00555,Ghost EWB
RYCX00556,Ghost
RYCX00557,±¼³ÛGL 350 CDI 4MATIC
RYCX00558,±¼³ÛGL 400 4MATIC
RYCX00559,±¼³ÛGL 500 4MATIC
RYCX00560,±¼³ÛGL 63 AMG
RYCX00561,GL450 4MATIC
RYCX00562,±¼³ÛGL450 4MATIC
RYCX00563,±¼³ÛGL500 4MATIC
RYCX00564,±¼³ÛGL63 AMG
RYCX00565,±¼³ÛGLA 200
RYCX00566,±¼³ÛGLA 260 4MATIC
RYCX00567,±¼³ÛGLA 45 AMG 4MATIC
RYCX00568,±¼³Û GLC 200 4MATIC
RYCX00569,±¼³Û GLC 260 4MATIC
RYCX00570,±¼³Û GLC 300 4MATIC
RYCX00571,±¼³Û GLE 300 d 4MATIC
RYCX00572,±¼³Û GLE 320 4MATIC
RYCX00573,±¼³ÛGLE 320 4MATIC
RYCX00574,±¼³ÛGLE 350 d 4MATIC
RYCX00575,±¼³Û GLE 350 d 4MATIC
RYCX00576,±¼³Û GLE 400 4MATIC
RYCX00577,±¼³ÛGLE 400 4MATIC
RYCX00578,±¼³Û GLE 450 AMG 4MATIC
RYCX00579,±¼³ÛGLE 450 AMG 4MATIC
RYCX00580,±¼³Û GLE 500 4MATIC
RYCX00581,±¼³Û GLE 500 e 4MATIC
RYCX00582,GLK300 4MATIC
RYCX00583,GLK350 4MATIC
RYCX00584,GT-R
RYCX00585,NISSAN GT-R
RYCX00586,±¼³Û GLS 320 4MATIC
RYCX00587,±¼³Û GLS 350 d 4MATIC
RYCX00588,±¼³Û GLS 400 4MATIC
RYCX00589,±¼³Û GLS 500 4MATIC
RYCX00590,370Z
RYCX00591,Ó¢·ÆÄáµÏ G37S
RYCX00592,INFINITI  G37S(Coupe)
RYCX00593,Ó¢·ÆÄáµÏ Q60S
RYCX00594,¾¢ìÅ
RYCX00595,GMCÉÌÎñÖ®ÐÇ
RYCX00596,¸ß¶û·ò
RYCX00597,¸ß¶û·òÔË¶¯ÐÍ³¨Åñ½Î³µ
RYCX00598,¸ß¶û·òGTI³¨Åñ°æ
RYCX00599,ÀÖÏí¸ß¶û·ò
RYCX00600,ÀÖÏí¸ß¶û·ò1.4
RYCX00601,¸ß¶û·òR
RYCX00602,¸ß¶û·òÂÃÐÐ½Î³µ1.4
RYCX00603,¸ß¶û·òÂÃÐÐ½Î³µ
RYCX00604,¸ß¶û·ò1.4
RYCX00605,±¾Ìï·É¶È»ìºÏ¶¯Á¦
RYCX00606,SUBARU XV
RYCX00607,Ë¹°ÍÂ³XV
RYCX00608,Grand Cherokee
RYCX00609,´óÇÐÅµ»ù
RYCX00610,´óÇÐÅµ»ù SRT8
RYCX00611,´ó½ÝÁú
RYCX00612,Òí±ª  STI
RYCX00613,LEXUS GX400
RYCX00614,LEXUS  GX400
RYCX00615,LEXUS GS350
RYCX00616,LEXUS GS250
RYCX00617,LEXUS  GS300
RYCX00618,LEXUS IS250
RYCX00619,LEXUS IS250C
RYCX00620,LEXUS  IS300C
RYCX00621,LEXUS  IS300
RYCX00622,LEXUS  IS250
RYCX00623,LEXUS LS350
RYCX00624,TOYOTA  FJ  CRUISER
RYCX00625,TOYOTA FJ CRUISER
RYCX00626,LEXUS  ES350
RYCX00627,LEXUS ES350
RYCX00628,LEXUS LS500h
RYCX00629,LEXUS GS450h
RYCX00630,LEXUS  GS450h
RYCX00631,LEXUS LC500h
RYCX00632,LEXUS RX450h
RYCX00633,¿¥Áå
RYCX00634,¿µÁå
RYCX00635,½­»´ºÃÔË
RYCX00636,½­»´ºÃÔË/¿µÁå
RYCX00637,Ë§Áå
RYCX00638,ºÚ±ªÅÆÆû³µ
RYCX00639,ÑÅ×ð/AZERA
RYCX00640,Huracan
RYCX00641,Huracan 2WD
RYCX00642,Huracan LP 600-4
RYCX00643,i3
RYCX00644,i8
RYCX00645,ÒÁ±ÈÔú
RYCX00646,Ó¢ËÙÑÇ ST ËÄÇýÊæÊÊ
RYCX00647,Ó¢ËÙÑÇ ST ËÄÇýºÀ»ª
RYCX00648,Ó¢ËÙÑÇ ST Ç°ÇýÊæÊÊ
RYCX00649,Ó¢ËÙÑÇ ST Ç°ÇýºÀ»ª
RYCX00650,¼ªÄ·Äá
RYCX00651,JCUV
RYCX00652,¿áÍþ
RYCX00653,Ó¢·ÆÄáµÏQX60
RYCX00654,GC2.0£Í£Ô
RYCX00655,GC2.4£Í£Ô
RYCX00656,Ó¢·ÆÄáµÏ JX35
RYCX00657,Ó¢·ÆÄáµÏQX80
RYCX00658,Ó¢·ÆÄáµÏ QX56
RYCX00659,Ó¢·ÆÄáµÏ QX80
RYCX00660,±¦µä
RYCX00661,Óò»¢
RYCX00662,½­ÁåÈ«Ë³
RYCX00663,SCENIC
RYCX00664,ACURA RL
RYCX00665,Ú©¸è RLX
RYCX00666,Ú©¸è RLX »ìºÏ¶¯Á¦
RYCX00667,ÅÁ½ÜÂÞ ¾¢³©
RYCX00668,K9/K9
RYCX00669,Ñ©ÌúÁú C4 ÅÜ³µ
RYCX00670,CS9TCVT
RYCX00671,CS9T
RYCX00672,ÁÒ°º
RYCX00673,Á¦·«ÂõÍþS
RYCX00674,LEXUS LFA
RYCX00675,ÁâÖÇ
RYCX00676,FLUENCE
RYCX00677,M Coupe
RYCX00678,M3
RYCX00679,M135i
RYCX00680,M140i
RYCX00681,×Ü²ÃV6
RYCX00682,M2
RYCX00683,M235
RYCX00684,M240i
RYCX00685,M3³¨Åñ
RYCX00686,M3Ó²¶¥
RYCX00687,M4
RYCX00688,M5
RYCX00689,M5 FV
RYCX00690,M6
RYCX00691,M6Ó²¶¥
RYCX00692,M6 Gran Coupe
RYCX00693,M6 LX
RYCX00694,M760Li
RYCX00695,ÂõÌÚÂÃÐÐ½Î³µ
RYCX00696,ÂõÌÚËÄÇýÂÃÐÐ½Î³µ
RYCX00697,ÂõÌÚ
RYCX00698,´óÖÚÂõÌÚÂÃÐÐ½Î³µ 2.0
RYCX00699,Maybach
RYCX00700,Maybach 57S
RYCX00701,Maybach 62 Zeppelin
RYCX00702,Maybach 62S
RYCX00703,Mazda ATENZA
RYCX00704,CX-3
RYCX00705,Mazda CX-5
RYCX00706,Mazda CX-9
RYCX00707,Mazda MX-5
RYCX00708,Mazda5
RYCX00709,Âõ¿­Â×
RYCX00710,±¼³Û Mercedes-AMG GT
RYCX00711,±¼³ÛMercedes-AMG GT
RYCX00712,±¼³Û Mercedes-AMG GT S
RYCX00713,Mercedes-AMG GT S
RYCX00714,ÂóÈðÄÉ
RYCX00715,MINI Cooper
RYCX00716,MINI COOPER ALL4
RYCX00717,MINI Cooper  Clubman
RYCX00718,MINI Cooper ³¨Åñ
RYCX00719,MINI COOPER S ALL4
RYCX00720,MINI COOPER S
RYCX00721,MINI Cooper  S Clubman
RYCX00722,MINI Cooper S ³¨Åñ
RYCX00723,MINI COOPER S Countryman
RYCX00724,MINI COOPER S Clubman
RYCX00725,MINI COOPER S ³¨Åñ³µ
RYCX00726,MINI COOPER Countryman
RYCX00727,MINI COOPER Clubman
RYCX00728,MINI COOPER ³¨Åñ³µ
RYCX00729,MINI JCW ALL4
RYCX00730,MINI JCW
RYCX00731,MINI ONE
RYCX00732,MINI ONE Clubman
RYCX00733,MKC
RYCX00734,MKX
RYCX00735,MKZ
RYCX00736,±¼³ÛML 300 4MATIC
RYCX00737,±¼³ÛML 320 4MATIC
RYCX00738,±¼³ÛML 350 4MATIC
RYCX00739,±¼³ÛML 350 CDI 4MATIC
RYCX00740,±¼³ÛML 400 4MATIC
RYCX00741,±¼³ÛML 63 AMG
RYCX00742,ML350 4MATIC
RYCX00743,±¼³ÛML350 4MATIC
RYCX00744,ML500 4MATIC
RYCX00745,±¼³ÛML63 AMG
RYCX00746,ML63AMG
RYCX00747,µÛºÀ1.5MT
RYCX00748,±öÀûÄ½ÉÐ
RYCX00749,BENTLEY MULSANNE
RYCX00750,Ä½ÉÐ
RYCX00751,Ä½ÉÐ V8C5
RYCX00752,ÂõÌØÍþ
RYCX00753,´óÖÚÂõÌØÍþ2.0
RYCX00754,T5
RYCX00755,Mustang
RYCX00756,¸ñÀ¶µÏ
RYCX00757,Áìº½Ô±
RYCX00758,Ú©¸è NSX »ìºÏ¶¯Á¦³µ
RYCX00759,Ú©¸èNSX»ìºÏ¶¯Á¦³µ
RYCX00760,¸ñÈñ/GRAND SANTA FE
RYCX00761,¸ñÔ½/GRAND SANTA FE
RYCX00762,ÐÂ¼×¿Ç³æ 1.6
RYCX00763,ÐÂ¼×¿Ç³æ 1.8T
RYCX00764,ÐÂ¼×¿Ç³æ 2.0
RYCX00765,ÐÂ¼×¿Ç³æ³¨Åñ½Î³µ
RYCX00766,Ì½Ë÷Õß6
RYCX00767,S50
RYCX00768,Ô¾½øÐ¡»¢
RYCX00769,ÅÁÄÉÃÀÀ­ 4S
RYCX00770,ÅÁÄÉÃÀÀ­ S
RYCX00771,ÅÁÄÉÃÀÀ­ turbo
RYCX00772,×ÔÓÉ¿Í
RYCX00773,»ÔÌÚ
RYCX00774,»ÔÌÚ 3.6
RYCX00775,»ÔÌÚ 4.2
RYCX00776,»ÔÌÚ 6.0
RYCX00777,Phantom
RYCX00778,Phantom Coupe
RYCX00779,Phantom Ó²¶¥
RYCX00780,Phantom Drophead Coupe
RYCX00781,Phantom ³¨Åñ
RYCX00782,Phantom EWB
RYCX00783,PT Cruiser
RYCX00784,°ÂµÏQ3 2.0 TFSI quattro
RYCX00785,°ÂµÏQ5 2.0T hybrid
RYCX00786,°ÂµÏQ5 2.0T quattro
RYCX00787,°ÂµÏQ5 3.0T quattro
RYCX00788,°ÂµÏQ5 3.2 quattro
RYCX00789,°ÂµÏQ7 3.0 TDI quattro
RYCX00790,°ÂµÏQ7 3.0 TFSI quattro
RYCX00791,Q7 3.0D
RYCX00792,Q7 3.0T
RYCX00793,°ÂµÏQ7 3.6 quattro
RYCX00794,°ÂµÏQ7 4.2 quattro
RYCX00795,°ÂµÏQ7 6.0 TDI quattro
RYCX00796,TFÏá³µ
RYCX00797,±¼³ÛR 300
RYCX00798,±¼³Û R 320 4MATIC
RYCX00799,±¼³ÛR 320 4MATIC
RYCX00800,±¼³ÛR 350 4MATIC
RYCX00801,±¼³ÛR 400 4MATIC
RYCX00802,±¼³Û R 400 4MATIC
RYCX00803,±¼³ÛR 500 4MATIC
RYCX00804,R300
RYCX00805,±¼³ÛR300
RYCX00806,±¼³ÛR350 4MATIC
RYCX00807,R350 4MATIC
RYCX00808,R36
RYCX00809,R36ÂÃÐÐ½Î³µ
RYCX00810,R500 4MATIC
RYCX00811,±¼³ÛR500 4MATIC
RYCX00812,°ÂµÏR8 4.2 quattro
RYCX00813,°ÂµÏR8 4.2 quattro C5
RYCX00814,°ÂµÏR8 5.2 quattro
RYCX00815,°ÂµÏR8 5.2 quattro C5
RYCX00816,°ÂµÏR8 Spyder 4.2 C5
RYCX00817,°ÂµÏR8 Spyder 5.2
RYCX00818,°ÂµÏR8 Spyder 5.2 C5
RYCX00819,À¿Ê¤4.4
RYCX00820,À¿Ê¤
RYCX00821,À¿Ê¤4.2
RYCX00822,À¿Ê¤¼«¹â
RYCX00823,À¿Ê¤ÔË¶¯
RYCX00824,À¿Ê¤ÔË¶¯TDV6
RYCX00825,À¿Ê¤ÔË¶¯TDV8
RYCX00826,À¿Ê¤TDV8
RYCX00827,À¿Ê¤ÐÇÂö
RYCX00828,Rapide
RYCX00829,Èñ½Ý S
RYCX00830,Raptor
RYCX00831,¿­ÔóÎ÷
RYCX00832,ESPACE
RYCX00833,¼ÑÀÖ/CARENS
RYCX00834,°ÂµÏRS5
RYCX00835,°ÂµÏRS5 Cabrio
RYCX00836,°ÂµÏRS5 Coupe
RYCX00837,RS7 4.0T
RYCX00838,±¼³ÛS 300 L
RYCX00839,±¼³ÛS 320 L
RYCX00840,±¼³Û S 320 L
RYCX00841,±¼³ÛS 350 L
RYCX00842,±¼³Û S 350 L
RYCX00843,±¼³ÛS 350 L 4MATIC
RYCX00844,±¼³Û S 400 4MATIC
RYCX00845,±¼³ÛS 400 4MATIC MAYBACH
RYCX00846,±¼³Û S 400 4MATIC MAYBACH
RYCX00847,±¼³Û S 400 L
RYCX00848,±¼³ÛS 400 L
RYCX00849,±¼³Û S 400 L 4MATIC
RYCX00850,±¼³ÛS 400 L 4MATIC
RYCX00851,±¼³ÛS 400 L HYBRID
RYCX00852,±¼³Û S 450 4MATIC MAYBACH
RYCX00853,±¼³Û S 450 L
RYCX00854,±¼³Û S 450 L 4MATIC
RYCX00855,±¼³Û S 500 4MATIC
RYCX00856,±¼³ÛS 500 4MATIC
RYCX00857,±¼³ÛS 500 4MATIC MAYBACH
RYCX00858,±¼³Û S 500 4MATIC MAYBACH
RYCX00859,±¼³ÛS 500 e L
RYCX00860,±¼³ÛS 500 L
RYCX00861,±¼³ÛS 500 L 4MATIC
RYCX00862,±¼³Û S 500 L 4MATIC
RYCX00863,±¼³Û S 560 4MATIC MAYBACH
RYCX00864,±¼³ÛS 600 L
RYCX00865,±¼³Û S 600 MAYBACH
RYCX00866,±¼³ÛS 600 MAYBACH
RYCX00867,±¼³Û S 600 Pullman
RYCX00868,±¼³Û 63 AMG 4MATIC
RYCX00869,±¼³Û S 63 L AMG 4MATIC
RYCX00870,±¼³ÛS 63 L AMG 4MATIC
RYCX00871,±¼³ÛS 65 L  AMG
RYCX00872,±¼³ÛS 65 L AMG
RYCX00873,±¼³Û S 680 MAYBACH
RYCX00874,S3 2.0T
RYCX00875,S300
RYCX00876,±¼³ÛS300L
RYCX00877,S350
RYCX00878,S350 4Matic
RYCX00879,±¼³ÛS350L 4MATIC
RYCX00880,±¼³ÛS350L
RYCX00881,S400 HYBRID
RYCX00882,±¼³ÛS400L HYBRID
RYCX00883,°ÂµÏS5
RYCX00884,°ÂµÏS5 3.0T
RYCX00885,°ÂµÏS5 Cabriolet 3.0T
RYCX00886,°ÂµÏS5 Sportback 3.0T
RYCX00887,S500
RYCX00888,S500 4MATIC
RYCX00889,±¼³ÛS500L 4MATIC
RYCX00890,°ÂµÏS6
RYCX00891,S60 2.0T
RYCX00892,S60 2.0T FS42C01
RYCX00893,S60 DRIVe
RYCX00894,S60 Polestar
RYCX00895,S60 T5
RYCX00896,S60 T5 FS63C01
RYCX00897,S60 T6
RYCX00898,S60 T6 FS90H61
RYCX00899,S600
RYCX00900,±¼³ÛS600L
RYCX00901,S65 AMG
RYCX00902,±¼³ÛS65L AMG
RYCX00903,°ÂµÏS7
RYCX00904,°ÂµÏS8
RYCX00905,°ÂµÏ S8
RYCX00906,S8 4.0T
RYCX00907,S90 T6 PSA2DC1
RYCX00908,³¤°²Éñæë
RYCX00909,³¤°²Íú±ª
RYCX00910,¿çÔ½Íõ
RYCX00911,ÉÐ¿á 1.4
RYCX00912,ÉÐ¿á
RYCX00913,ÉÐ¿á 1.4 90KW
RYCX00914,ÉÐ¿á 2.0
RYCX00915,ÉÐ¿á R
RYCX00916,G10
RYCX00917,T60
RYCX00918,V80
RYCX00919,´óÍ¨V80
RYCX00920,É­ÁÖÈË
RYCX00921,ÏÄÀÊ
RYCX00922,´óÖÚÏÄÀÊ2.0
RYCX00923,ËÙÂõ
RYCX00924,±¼³ÛSL 350
RYCX00925,±¼³Û SL 400
RYCX00926,±¼³ÛSL 63 AMG
RYCX00927,SL300
RYCX00928,SL350
RYCX00929,±¼³ÛSL350
RYCX00930,SL500
RYCX00931,±¼³ÛSL63 AMG
RYCX00932,SL63 AMG
RYCX00933,±¼³Û SLC 200
RYCX00934,±¼³Û SLC 260
RYCX00935,±¼³Û SLC 300
RYCX00936,±¼³ÛSLK 200
RYCX00937,±¼³ÛSLK 350
RYCX00938,±¼³ÛSLK200
RYCX00939,SLK200 Kompressor
RYCX00940,SLK280
RYCX00941,SLK300
RYCX00942,SLK350
RYCX00943,±¼³ÛSLK350
RYCX00944,SLK55 AMG
RYCX00945,±¼³ÛSLS AMG
RYCX00946,±¼³ÛSLS AMG Black Series
RYCX00947,Ë÷À¼ÍÐ
RYCX00948,Ë÷À¼ÍÐ/SORENTO
RYCX00949,SPARK
RYCX00950,Sprinter324
RYCX00951,SQ5
RYCX00952,F99-1.3Éý¿î
RYCX00953,¿ªÈðÓÅ¾¢
RYCX00954,SRX (3.6L)
RYCX00955,SRX
RYCX00956,SRX (4.6L)
RYCX00957,ËÙÅÉÂÃÐÐ½Î³µ
RYCX00958,¸óÈðË¹
RYCX00959,º£Ê¨
RYCX00960,¿¥½Ý
RYCX00961,×ð³Û
RYCX00962,Î÷²¿Å£×Ð
RYCX00963,Î÷²¿´óÁ¦Éñ
RYCX00964,³¬¼¶Î¬ÌØÀ­
RYCX00965,Ëû¸ñ4
RYCX00966,Ëû¸ñ4S
RYCX00967,ACURA  RDX
RYCX00968,Ú©¸è RDX
RYCX00969,Ú©¸èRDX
RYCX00970,K5 »ìºÏ¶¯Á¦/K5 HYBRID
RYCX00971,TIGUAN 2.0
RYCX00972,´óÖÚÍ¾Íþ2.0
RYCX00973,Tiguan
RYCX00974,Í¾Íþ
RYCX00975,´óÖÚÍ¾Íþ2.0  TDI
RYCX00976,Ó¢·ÆÄáµÏ EX37
RYCX00977,Ó¢·ÆÄáµÏ QX50
RYCX00978,Ó¢·ÆÄáµÏQX70
RYCX00979,Ó¢·ÆÄáµÏ FX37
RYCX00980,Ó¢·ÆÄáµÏ QX70
RYCX00981,INFINITI  EX35
RYCX00982,INFINITI  FX35
RYCX00983,Ó¢·ÆÄáµÏ EX25
RYCX00984,INFINITI  EX25
RYCX00985,Í¾Èñ 3.0
RYCX00986,Í¾Èñ
RYCX00987,Í¾Èñ TDI
RYCX00988,Í¾Èñ 3.6 V6
RYCX00989,Í¾Èñ 3.6
RYCX00990,´óÖÚÍ¾Èñ3.6
RYCX00991,Í¾Èñ 4.2 V8
RYCX00992,Í¾Èñ 6.0 W12
RYCX00993,Í¾Èñ»ìºÏ¶¯Á¦
RYCX00994,INFINITI  FX45
RYCX00995,INFINITI  FX50
RYCX00996,Ó¢·ÆÄáµÏ FX50S
RYCX00997,Ó¢·ÆÄáµÏ QX70S
RYCX00998,Ó¢·ÆÄáµÏQX70S
RYCX00999,Í¾ÀÖ(PATROL)
RYCX01000,»ÔÒí
RYCX01001,TOYOTA  HIACE
RYCX01002,TOYOTA HIACE
RYCX01003,TOYOTA LAND CRUISER PRADO
RYCX01004,TOYOTA PRADO
RYCX01005,°ÂµÏTTC 2.0T
RYCX01006,°ÂµÏTTC 2.0T C5
RYCX01007,°ÂµÏTTC 2.0T qu
RYCX01008,°ÂµÏTTC S 2.0T
RYCX01009,°ÂµÏTTR 2.0T
RYCX01010,°ÂµÏTTR2.0T
RYCX01011,°ÂµÏTTR 2.0T C5
RYCX01012,°ÂµÏTTR 2.0T qu
RYCX01013,°ÂµÏTTR S 2.0T
RYCX01014,ÎÐÂÖÔöÑ¹
RYCX01015,ACURA TL
RYCX01016,ACURA  TL
RYCX01017,Ñ©ÌúÁú C4 Picasso(7×ù)
RYCX01018,Ú©¸è TLX
RYCX01019,LEXUS GX460
RYCX01020,LEXUS  LX570
RYCX01021,LEXUS LX570
RYCX01022,LEXUS  GS460
RYCX01023,LEXUS RC F
RYCX01024,LEXUS LS460L
RYCX01025,LEXUS  LS460L
RYCX01026,LEXUS LS600hL
RYCX01027,LEXUS  LS600hL
RYCX01028,LEXUS  SC430
RYCX01029,V40
RYCX01030,V40  T5 MV63501
RYCX01031,V40 MV42501
RYCX01032,V40 T3
RYCX01033,V40 T4
RYCX01034,V40 T5
RYCX01035,V40CC
RYCX01036,V40CC  T5 MZ63561
RYCX01037,V40CC MZ42501
RYCX01038,V40CC T3
RYCX01039,V40CC T4
RYCX01040,V40CC T5
RYCX01041,V60 Polestar
RYCX01042,V60 T4
RYCX01043,V60 T5
RYCX01044,V60 T5 FW63C01
RYCX01045,V60 T6
RYCX01046,V60 T6 FW90H61
RYCX01047,V60CC
RYCX01048,V60CC T5
RYCX01049,V60CC T6 FZ61C61
RYCX01050,ÅÁ½ÜÂÞ
RYCX01051,V90CC T5 PZ10DC1
RYCX01052,V90CC T5 PZ10DC2
RYCX01053,Vanquish
RYCX01054,Õ÷·þ
RYCX01055,Vantage
RYCX01056,Vantage S
RYCX01057,Î¬À­¿ËË¹
RYCX01058,¿­×ð
RYCX01059,¿­×ð/CADENZA
RYCX01060,Viano3.0³ËÓÃ³µ
RYCX01061,Viano3.0¶à¹¦ÄÜ³ËÓÃ³µ
RYCX01062,ÑÅ¿ÆÊË/EQUUS
RYCX01063,Virage
RYCX01064,Vito119
RYCX01065,¹óÊ¿(QUEST)
RYCX01066,´óÖÚÆû³µCC 2.0
RYCX01067,´óÖÚÆû³µCC
RYCX01068,´óÖÚÆû³µCC 3.6
RYCX01069,´óÖÚÆû³µÂÃÐÐ½Î³µ
RYCX01070,ÎÖÀ¶´ï
RYCX01071,Íþ¿Í
RYCX01072,KOLEOS
RYCX01073,±êÖÂ 207 CC
RYCX01074,Wraith
RYCX01075,Wrangler
RYCX01076,ÄÁÂíÈË£¨2ÃÅ£©
RYCX01077,ÄÁÂíÈË
RYCX01078,Wrangler Unlimited
RYCX01079,ÄÁÂíÈË£¨4ÃÅ£©
RYCX01080,ÄÁÂíÈË ËÄÃÅ¿î
RYCX01081,³ÛÅô
RYCX01082,X1 sDrive 18i
RYCX01083,X1 sDrive 20i
RYCX01084,X1 sDrive18i
RYCX01085,X1 sDrive20i
RYCX01086,X1 sDrive20i VL
RYCX01087,X1 xDrive 20i
RYCX01088,X1 xDrive 28i
RYCX01089,X1 xDrive20i
RYCX01090,X1 xDrive20i VM
RYCX01091,X1 xDrive25i
RYCX01092,X1 xDrive28i
RYCX01093,X1 xDrive28i VM
RYCX01094,X3 2.5si
RYCX01095,X3 3.0si
RYCX01096,X3 sDrive20i
RYCX01097,X3 xDrive20i
RYCX01098,X3 xDrive25i
RYCX01099,X3 xDrive28i
RYCX01100,X3 xDrive30i
RYCX01101,X3 xDrive35i
RYCX01102,X4 M40i
RYCX01103,X4 xDrive20i
RYCX01104,X4 xDrive28i
RYCX01105,X4 xDrive35i
RYCX01106,X5 3.0si
RYCX01107,X5 4.8i
RYCX01108,X5 M
RYCX01109,X5 xDrive28i
RYCX01110,X5 xDrive30d
RYCX01111,X5 xDrive30i
RYCX01112,X5 xDrive35i
RYCX01113,X5 xDrive40e
RYCX01114,X5 xDrive40i
RYCX01115,X5 xDrive48i
RYCX01116,X5 xDrive50i
RYCX01117,X6 M
RYCX01118,X6 xDrive28i
RYCX01119,X6 xDrive35i
RYCX01120,X6 xDrive40i
RYCX01121,X6 xDrive50i
RYCX01122,XC60 2.0T
RYCX01123,XC60 T5
RYCX01124,XC60 T5 DZ475B1
RYCX01125,XC60 T6
RYCX01126,XC60 T6 DZ90H61
RYCX01127,XC90 2.5T
RYCX01128,XC90 3.2
RYCX01129,XC90 T5
RYCX01130,XC90 T5 CZ24571
RYCX01131,XC90 T5 LC10DC1
RYCX01132,XC90 T5 LC10DC2
RYCX01133,XC90 T5 LF10DC1
RYCX01134,XC90 T5 LF10DC2
RYCX01135,XC90 T6
RYCX01136,XC90 T6 LCA2DC2
RYCX01137,XC90 T6 LFA2DC2
RYCX01138,XC90 T8 LFBADD1
RYCX01139,XC90 T8 LFBADD3
RYCX01140,XC90 T8 LTBADD1
RYCX01141,XC90 T8 LTBADD3
RYCX01142,XC90 V8
RYCX01143,½Ý±ªXE
RYCX01144,½Ý±ªXF
RYCX01145,½Ý±ª XF
RYCX01146,½Ý±ªXJ
RYCX01147,½Ý±ª XJ
RYCX01148,½Ý±ªXK coupe
RYCX01149,½Ý±ªXK convertible
RYCX01150,½Ý±ªXKR Coupe
RYCX01151,½Ý±ªXKR Convertible
RYCX01152,XLR
RYCX01153,¹¤³Ì³µ
RYCX01154,ACURA  ZDX
RYCX01155,ACURA MDX
RYCX01156,ACURA  MDX
RYCX01157,Ú©¸è  MDX
RYCX01158,Ú©¸èMDX»ìºÏ¶¯Á¦³µ
RYCX01159,ËÙÂõ/SHUMA
RYCX01160,ÁÔÈñ
RYCX01161,Ë÷ÄÉËþ »ìºÏ¶¯Á¦/ SONATA HYBRID
RYCX01162,¼Î»ª/CARNIVAL
RYCX01163,Z4 2.5si ³¨Åñ
RYCX01164,Z4 3.0si Ó²¶¥
RYCX01165,Z4 sDrive18i
RYCX01166,Z4 sDrive20i
RYCX01167,Z4 sDrive23i
RYCX01168,Z4 sDrive28i
RYCX01169,Z4 sDrive30i
RYCX01170,Z4 sDrive35i
RYCX01171,Z4 sDrive35is
RYCX01172,Èü·ÉÀû MT
RYCX01173,Èü·ÉÀû
RYCX01174,ËÙÒíÌØ ÔË¶¯
RYCX01175,BRZ
RYCX01176,±¾ÌïÒôÈüÌØ
RYCX01177,±¾ÌïCR-Z
RYCX01178,LEXUS NX200
RYCX01179,TOYOTA 86
RYCX01180,TOYOTA  86
RYCX01181,¸£ÊË´ï¡¤Ë³´ï
RYCX01182,LEXUS CT200h
RYCX01183,LEXUS  CT200h
RYCX01184,×Ü²ÃSÏµÁÐ
RYCX01185,×Ü²ÃÏµÁÐ
RYCX01186,×Ü²ÃÔË¶¯ÏµÁÐ
RYCX01187,ÂêÉ¯GT SÅÜ³µ
RYCX01188,ÂêÉ¯GT ³¨Åñ
RYCX01189,ÂêÉ¯GTMC
RYCX01190,ÂêÉ¯GTÅÜ³µ
RYCX01191,ÂêÉ¯³¨ÅñÔË¶¯°æ
RYCX01192,Èñæë
